Name,Type,Length,Dataset size,Avg label size,Details size label,Dataset variance,Intra-class variance,ID,IR,Smoothness,Filepath
Haptics_TRAIN.tsv,Motion,1092,155,31.0,"{1: 18, 5: 33, 2: 34, 3: 34, 4: 36}",0.035454555734804986,0.007090911146960997,2.2,,"{1: 41.73363761273488, 2: 35.842339262626126, 3: 39.60826807913878, 4: 31.602300714489175, 5: 29.32004642715225}",../datasets/Haptics/Haptics_TRAIN.tsv
SyntheticControl_TRAIN.tsv,Simulated,60,300,50.0,"{1: 50, 2: 50, 3: 50, 4: 50, 5: 50, 6: 50}",0.1420437234583442,0.023673953909724033,0.0,,"{1: 363.3710620925969, 2: 51.7964034527289, 3: 93.76063166057969, 4: 94.15847568568095, 5: 88.3682475507645, 6: 90.36069848872374}",../datasets/SyntheticControl/SyntheticControl_TRAIN.tsv
Worms_TRAIN.tsv,Motion,900,181,36.2,"{5: 17, 3: 25, 2: 31, 4: 32, 1: 76}",0.15082501979251922,0.030165003958503845,2.2,,"{1: 15.768380594741451, 2: 9.592842446001686, 3: 23.08718657115271, 4: 9.741798567578417, 5: 2.3914432902365803}",../datasets/Worms/Worms_TRAIN.tsv
Computers_TRAIN.tsv,Device,720,250,125.0,"{1: 125, 2: 125}",0.2970415206394393,0.14852076031971964,,1.0,"{1: 1070.029546495869, 2: 256.0960331706355}",../datasets/Computers/Computers_TRAIN.tsv
HouseTwenty_TRAIN.tsv,Device,2000,40,20.0,"{1: 20, 2: 20}",0.16143329198185083,0.08071664599092541,,1.0,"{1: 1118453745.35, 2: 550987836.05}",../datasets/HouseTwenty/HouseTwenty_TRAIN.tsv
GestureMidAirD3_TRAIN.tsv,Trajectory,360,208,8.0,"{1: 8, 2: 8, 3: 8, 4: 8, 5: 8, 6: 8, 7: 8, 8: 8, 9: 8, 10: 8, 11: 8, 12: 8, 13: 8, 14: 8, 15: 8, 16: 8, 17: 8, 18: 8, 19: 8, 20: 8, 21: 8, 22: 8, 23: 8, 24: 8, 25: 8, 26: 8}",0.12895454886250568,0.004959790340865604,0.0,,"{1: nan, 2: nan, 3: nan, 4: nan, 5: nan, 6: nan, 7: nan, 8: nan, 9: nan, 10: nan, 11: nan, 12: nan, 13: nan, 14: nan, 15: nan, 16: nan, 17: nan, 18: nan, 19: nan, 20: nan, 21: nan, 22: nan, 23: nan, 24: nan, 25: nan, 26: nan}",../datasets/GestureMidAirD3/GestureMidAirD3_TRAIN.tsv
Chinatown_TRAIN.tsv,Traffic,24,20,10.0,"{1: 10, 2: 10}",0.02095590573901245,0.010477952869506224,,1.0,"{1: 651742.9, 2: 782586.8}",../datasets/Chinatown/Chinatown_TRAIN.tsv
UWaveGestureLibraryAll_TRAIN.tsv,Motion,945,896,112.0,"{8: 100, 3: 106, 2: 108, 4: 110, 6: 111, 7: 112, 1: 122, 5: 127}",0.14416301610798843,0.01802037701349855,0.21650635094610965,,"{1: 20.102370301283024, 2: 23.439104612596626, 3: 17.247344709904613, 4: 14.878496186636893, 5: 21.183259526101256, 6: 17.991917585190524, 7: 14.447914440563894, 8: 15.628637044741707}",../datasets/UWaveGestureLibraryAll/UWaveGestureLibraryAll_TRAIN.tsv
Strawberry_TRAIN.tsv,Spectro,235,613,306.5,"{1: 219, 2: 394}",0.0056212105692037585,0.0028106052846018793,,0.5558375634517766,"{1: 0.3932752820613654, 2: 0.4297236354550659}",../datasets/Strawberry/Strawberry_TRAIN.tsv
Car_TRAIN.tsv,Sensor,577,60,15.0,"{3: 11, 1: 16, 2: 16, 4: 17}",0.01736839699307292,0.00434209924826823,1.25,,"{1: 0.09544815982293323, 2: 0.11350557393949785, 3: 0.12357504237738386, 4: 0.13687164734694424}",../datasets/Car/Car_TRAIN.tsv
GunPointAgeSpan_TRAIN.tsv,Motion,150,135,67.5,"{2: 67, 1: 68}",0.18708532491332117,0.09354266245666057,,0.9852941176470589,"{1: 77122.52854150983, 2: 1469.4198807247026}",../datasets/GunPointAgeSpan/GunPointAgeSpan_TRAIN.tsv
GestureMidAirD2_TRAIN.tsv,Trajectory,360,208,8.0,"{1: 8, 2: 8, 3: 8, 4: 8, 5: 8, 6: 8, 7: 8, 8: 8, 9: 8, 10: 8, 11: 8, 12: 8, 13: 8, 14: 8, 15: 8, 16: 8, 17: 8, 18: 8, 19: 8, 20: 8, 21: 8, 22: 8, 23: 8, 24: 8, 25: 8, 26: 8}",0.11898771975563079,0.004576450759831956,0.0,,"{1: nan, 2: nan, 3: nan, 4: nan, 5: nan, 6: nan, 7: nan, 8: nan, 9: nan, 10: nan, 11: nan, 12: nan, 13: nan, 14: nan, 15: nan, 16: nan, 17: nan, 18: nan, 19: nan, 20: nan, 21: nan, 22: nan, 23: nan, 24: nan, 25: nan, 26: nan}",../datasets/GestureMidAirD2/GestureMidAirD2_TRAIN.tsv
BeetleFly_TRAIN.tsv,Image,512,20,10.0,"{1: 10, 2: 10}",0.12587690304030144,0.06293845152015072,,1.0,"{1: 1.0368631495974023, 2: 0.9595080137559734}",../datasets/BeetleFly/BeetleFly_TRAIN.tsv
Wafer_TRAIN.tsv,Sensor,152,1000,500.0,"{-1: 97, 1: 903}",0.17390874340621928,0.08695437170310964,,0.10741971207087486,"{-1: 77.09044920859928, 1: 80.91546498462029}",../datasets/Wafer/Wafer_TRAIN.tsv
CBF_TRAIN.tsv,Simulated,128,30,10.0,"{3: 8, 1: 10, 2: 12}",0.10785028775709048,0.03595009591903016,0.3333333333333333,,"{1: 99.52565517306759, 2: 167.5279860219388, 3: 174.95772969401435}",../datasets/CBF/CBF_TRAIN.tsv
Adiac_TRAIN.tsv,Image,176,390,10.54054054054054,"{5: 4, 3: 5, 13: 6, 21: 8, 37: 8, 9: 9, 18: 9, 20: 9, 23: 9, 26: 9, 29: 9, 31: 9, 34: 9, 2: 10, 7: 10, 11: 10, 16: 10, 22: 10, 35: 10, 10: 11, 14: 11, 17: 11, 36: 11, 6: 12, 12: 12, 15: 12, 1: 13, 8: 13, 25: 13, 27: 13, 28: 13, 30: 13, 32: 13, 33: 13, 4: 14, 19: 14, 24: 15}",0.08862078684633393,0.002395156401252268,6.347581498126591,,"{1: 0.01724001186846574, 2: 0.04899945795571417, 3: 0.040646182945654245, 4: 0.03618290698793719, 5: 0.18160885940932384, 6: 2.0120674014911937, 7: 0.03957881784638638, 8: 0.03978261247716302, 9: 0.09535113009815852, 10: 0.054609901311376594, 11: 0.026964963757426193, 12: 0.02308254022580736, 13: 0.019030303335599793, 14: 0.0302218984363535, 15: 0.020929006043884996, 16: 0.01798737871633877, 17: 0.0229464815237176, 18: 0.06361846956428974, 19: 0.11665390489880334, 20: 0.027425004951891752, 21: 0.024078924537100865, 22: 0.06671988930690628, 23: 0.023342386144673696, 24: 0.016685388403554113, 25: 0.03308811894231613, 26: 0.02882545852309599, 27: 0.029566946520415402, 28: 0.021371982343011256, 29: 0.017740227231253635, 30: 0.031195919818823102, 31: 0.02309424272877747, 32: 0.030384286265777913, 33: 0.02278811074208383, 34: 0.018636813764165358, 35: 0.7886486139217194, 36: 0.03235760182341093, 37: 0.03844387955635433}",../datasets/Adiac/Adiac_TRAIN.tsv
ItalyPowerDemand_TRAIN.tsv,Sensor,24,67,33.5,"{2: 33, 1: 34}",0.035634134302933676,0.017817067151466838,,0.9705882352941176,"{1: 4.241208866519944, 2: 7.1374133595922356}",../datasets/ItalyPowerDemand/ItalyPowerDemand_TRAIN.tsv
Yoga_TRAIN.tsv,Image,426,300,150.0,"{1: 137, 2: 163}",0.10213632189738751,0.05106816094869376,,0.8404907975460123,"{1: 0.22354119063864114, 2: 0.1752561734679655}",../datasets/Yoga/Yoga_TRAIN.tsv
AllGestureWiimoteY_TRAIN.tsv,Sensor,500,300,30.0,"{1: 30, 2: 30, 3: 30, 4: 30, 5: 30, 6: 30, 7: 30, 8: 30, 9: 30, 10: 30}",0.2607959560666972,0.02607959560666972,0.0,,"{1: nan, 2: nan, 3: nan, 4: nan, 5: nan, 6: nan, 7: nan, 8: nan, 9: nan, 10: nan}",../datasets/AllGestureWiimoteY/AllGestureWiimoteY_TRAIN.tsv
Trace_TRAIN.tsv,Sensor,275,100,25.0,"{2: 21, 3: 22, 1: 26, 4: 31}",0.13064913818607282,0.032662284546518205,0.5,,"{1: 10.990197739397376, 2: 4.085595970280633, 3: 1.3995912526433016, 4: 1.3010503394585922}",../datasets/Trace/Trace_TRAIN.tsv
PigAirwayPressure_TRAIN.tsv,Hemodynamics,2000,104,2.0,"{1: 2, 2: 2, 3: 2, 4: 2, 5: 2, 6: 2, 7: 2, 8: 2, 9: 2, 10: 2, 11: 2, 12: 2, 13: 2, 14: 2, 15: 2, 16: 2, 17: 2, 18: 2, 19: 2, 20: 2, 21: 2, 22: 2, 23: 2, 24: 2, 25: 2, 26: 2, 27: 2, 28: 2, 29: 2, 30: 2, 31: 2, 32: 2, 33: 2, 34: 2, 35: 2, 36: 2, 37: 2, 38: 2, 39: 2, 40: 2, 41: 2, 42: 2, 43: 2, 44: 2, 45: 2, 46: 2, 47: 2, 48: 2, 49: 2, 50: 2, 51: 2, 52: 2}",0.16324713852718592,0.00313936804859973,0.0,,"{1: 13.646282609991655, 2: 2.782945707884652, 3: 7.860765983849671, 4: 9.722648383887712, 5: 9.707779938807247, 6: 11.056993457489426, 7: 8.989840135398786, 8: 8.363643201021986, 9: 8.247254526489868, 10: 7.567893876808371, 11: 15.875565741994006, 12: 17.845266658242092, 13: 18.121338714478384, 14: 19.633458443077075, 15: 30.237819736489087, 16: 41.19581508976867, 17: 24.86171088066839, 18: 20.115035229519457, 19: 22.501137226865033, 20: 14.604056426500406, 21: 21.456469498376094, 22: 20.875122168228195, 23: 19.874800332305107, 24: 16.63206347756931, 25: 18.744250622120546, 26: 14.249628981391272, 27: 11.794642042265476, 28: 22.666401079449617, 29: 16.30718853230572, 30: 14.74254825911411, 31: 23.06582257738569, 32: 10.063401675246855, 33: 13.715064127852786, 34: 19.027148287455745, 35: 4.965284977206203, 36: 5.9956924940253105, 37: 5.147537788147553, 38: 5.5228226195349315, 39: 5.053004040906023, 40: 5.627117747056586, 41: 4.849323498763956, 42: 6.479579016596128, 43: 5.626866192109917, 44: 5.689096108716093, 45: 5.38219626217192, 46: 4.2216176502821, 47: 5.948968707561552, 48: 5.815308728671884, 49: 6.146567876841063, 50: 8.754519569510974, 51: 5.418332180416299, 52: 6.330468833326172}",../datasets/PigAirwayPressure/PigAirwayPressure_TRAIN.tsv
ShapesAll_TRAIN.tsv,Image,512,600,10.0,"{1: 10, 2: 10, 3: 10, 4: 10, 5: 10, 6: 10, 7: 10, 8: 10, 9: 10, 10: 10, 11: 10, 12: 10, 13: 10, 14: 10, 15: 10, 16: 10, 17: 10, 18: 10, 19: 10, 20: 10, 21: 10, 22: 10, 23: 10, 24: 10, 25: 10, 26: 10, 27: 10, 28: 10, 29: 10, 30: 10, 31: 10, 32: 10, 33: 10, 34: 10, 35: 10, 36: 10, 37: 10, 38: 10, 39: 10, 40: 10, 41: 10, 42: 10, 43: 10, 44: 10, 45: 10, 46: 10, 47: 10, 48: 10, 49: 10, 50: 10, 51: 10, 52: 10, 53: 10, 54: 10, 55: 10, 56: 10, 57: 10, 58: 10, 59: 10, 60: 10}",0.203574939006896,0.003392915650114931,0.0,,"{1: 0.058737930203716794, 2: 0.34817656658391216, 3: 0.17204009011721313, 4: 0.23068618416999187, 5: 1.3833874016578027, 6: 0.07412601798649059, 7: 0.8652552685103801, 8: 2.6163158825951176, 9: 0.2697895876995641, 10: 0.06172476383828425, 11: 0.4965365523100326, 12: 0.5650545570665046, 13: 0.22272686800067903, 14: 0.5078150815086174, 15: 0.8980422556949849, 16: 0.34825385040697965, 17: 0.19673971302909887, 18: 0.10214657806395952, 19: 0.8126402204929845, 20: 0.8196959144461496, 21: 1.175739710642114, 22: 0.17201283254935382, 23: 0.08063910706621819, 24: 1.9419564232939481, 25: 0.5417978864400538, 26: 0.47025301683992743, 27: 0.37418899849880677, 28: 0.2935460427454837, 29: 0.6208183410827008, 30: 0.27320453564447184, 31: 1.0021897267007114, 32: 0.09182974228140914, 33: 0.916332745366595, 34: 0.610800589707096, 35: 0.3397992290492688, 36: 2.7181269119936116, 37: 0.19587438120938963, 38: 2.643974846343647, 39: 0.7429478937487656, 40: 0.15675410616144653, 41: 0.3038431787588912, 42: 0.35014688941699207, 43: 1.0085638314572394, 44: 0.20016965713442722, 45: 0.2124280304545228, 46: 1.6044353078805191, 47: 0.4780454063145204, 48: 0.35097767190591705, 49: 0.5164017358294576, 50: 0.13873306210004546, 51: 0.21358481910079713, 52: 0.23342014581159995, 53: 1.2965423652601087, 54: 0.7998260521431073, 55: 0.8800158735909305, 56: 2.353687708883126, 57: 0.49279246777221475, 58: 0.10157147324948154, 59: 0.09362956900194552, 60: 0.4140551736496588}",../datasets/ShapesAll/ShapesAll_TRAIN.tsv
Beef_TRAIN.tsv,Spectro,470,30,6.0,"{1: 6, 2: 6, 3: 6, 4: 6, 5: 6}",0.04371250781425056,0.008742501562850112,0.0,,"{1: 0.8368484629560772, 2: 1.427086260863781, 3: 0.7120556736854903, 4: 0.8940086199311136, 5: 0.7180184506332458}",../datasets/Beef/Beef_TRAIN.tsv
GesturePebbleZ2_TRAIN.tsv,Sensor,455,146,24.333333333333332,"{2: 23, 3: 24, 4: 24, 5: 24, 1: 25, 6: 26}",0.1855255619211393,0.030920926986856546,2.3333333333333335,,"{1: nan, 2: nan, 3: nan, 4: nan, 5: nan, 6: nan}",../datasets/GesturePebbleZ2/GesturePebbleZ2_TRAIN.tsv
Mallat_TRAIN.tsv,Simulated,1024,55,6.875,"{5: 2, 1: 6, 3: 6, 6: 6, 8: 7, 2: 8, 7: 9, 4: 11}",0.013720296508630717,0.0017150370635788399,4.25,,"{1: 0.4329529314838895, 2: 0.5415817208784188, 3: 16.747235485519663, 4: 0.3312110305008453, 5: 2.6687808671959314, 6: 14.711771529051703, 7: 3.537508639787564, 8: 3.8726835551483356}",../datasets/Mallat/Mallat_TRAIN.tsv
GunPointOldVersusYoung_TRAIN.tsv,Motion,150,136,68.0,"{1: 65, 2: 71}",0.18551932313813238,0.0927596615690662,,0.9154929577464789,"{1: 1884.4816100526593, 2: 37848.46401755293}",../datasets/GunPointOldVersusYoung/GunPointOldVersusYoung_TRAIN.tsv
MiddlePhalanxTW_TRAIN.tsv,Image,80,399,66.5,"{7: 25, 6: 30, 5: 43, 3: 57, 4: 84, 8: 160}",0.011791998083339606,0.001965333013889934,0.0,,"{3: 0.777000824841161, 4: 0.7751733809479976, 5: 1.0464389909794862, 6: 1.1477969374619765, 7: 1.1681386292083382, 8: 1.1663708126169186}",../datasets/MiddlePhalanxTW/MiddlePhalanxTW_TRAIN.tsv
AllGestureWiimoteX_TRAIN.tsv,Sensor,500,300,30.0,"{1: 30, 2: 30, 3: 30, 4: 30, 5: 30, 6: 30, 7: 30, 8: 30, 9: 30, 10: 30}",0.35597632197489915,0.03559763219748991,0.0,,"{1: nan, 2: nan, 3: nan, 4: nan, 5: nan, 6: nan, 7: nan, 8: nan, 9: nan, 10: nan}",../datasets/AllGestureWiimoteX/AllGestureWiimoteX_TRAIN.tsv
Meat_TRAIN.tsv,Spectro,448,60,20.0,"{1: 20, 2: 20, 3: 20}",0.00034202301597952435,0.00011400767199317478,0.0,,"{1: 0.3400255127161172, 2: 0.263171114640003, 3: 0.2929119677846485}",../datasets/Meat/Meat_TRAIN.tsv
Herring_TRAIN.tsv,Image,512,64,32.0,"{2: 25, 1: 39}",0.006655872898171348,0.003327936449085674,,0.6410256410256411,"{1: 0.09364800197873495, 2: 0.08866124749646127}",../datasets/Herring/Herring_TRAIN.tsv
MiddlePhalanxOutlineCorrect_TRAIN.tsv,Image,80,600,300.0,"{0: 212, 1: 388}",0.004464031466000017,0.0022320157330000083,,0.5463917525773195,"{0: 1.0046000296425517, 1: 1.0386460178057892}",../datasets/MiddlePhalanxOutlineCorrect/MiddlePhalanxOutlineCorrect_TRAIN.tsv
InsectEPGRegularTrain_TRAIN.tsv,EPG,601,62,20.666666666666668,"{3: 10, 1: 22, 2: 30}",0.19481057910694108,0.06493685970231369,0.0,,"{1: 0.025987995454545387, 2: 0.06873029333246657, 3: 0.028695647199999987}",../datasets/InsectEPGRegularTrain/InsectEPGRegularTrain_TRAIN.tsv
FordA_TRAIN.tsv,Sensor,500,3601,1800.5,"{1: 1755, -1: 1846}",0.14987599115694789,0.07493799557847394,,0.9507042253521126,"{-1: 10.531925589396256, 1: 5.289385039422772}",../datasets/FordA/FordA_TRAIN.tsv
SwedishLeaf_TRAIN.tsv,Image,128,500,33.333333333333336,"{10: 26, 7: 28, 1: 29, 6: 30, 8: 31, 5: 33, 9: 33, 13: 33, 3: 35, 11: 35, 15: 35, 2: 36, 4: 36, 12: 38, 14: 42}",0.059861614059208215,0.003990774270613881,6.227128381289749,,"{1: 1.7908957179410412, 2: 7.4911196658372114, 3: 1.3135875192315536, 4: 1.6156970102750745, 5: 0.7986977084578178, 6: 3.069030869949186, 7: 0.07001943017263737, 8: 1.4479404329333427, 9: 2.1681313881267097, 10: 13.500399850968106, 11: 0.4224367729685159, 12: 1.6521641344282154, 13: 0.33237211506796593, 14: 3.116892712692239, 15: 0.5483731122572046}",../datasets/SwedishLeaf/SwedishLeaf_TRAIN.tsv
InlineSkate_TRAIN.tsv,Motion,1882,100,14.285714285714286,"{1: 9, 7: 11, 2: 14, 6: 14, 5: 16, 3: 18, 4: 18}",0.0869181326294016,0.012416876089914514,2.2258769757263126,,"{1: 2.5003951719744375, 2: 1.5822821017267266, 3: 1.2782705864139419, 4: 1.1570299458935602, 5: 0.9152438411687641, 6: 0.6871774940878607, 7: 0.8111556179026387}",../datasets/InlineSkate/InlineSkate_TRAIN.tsv
DodgerLoopDay_TRAIN.tsv,Sensor,288,78,11.142857142857142,"{2: 10, 3: 10, 4: 11, 7: 11, 1: 12, 5: 12, 6: 12}",0.04943706939403645,0.00706243848486235,1.1428571428571428,,"{1: 31515.916666666668, 2: nan, 3: 44754.9, 4: nan, 5: nan, 6: nan, 7: nan}",../datasets/DodgerLoopDay/DodgerLoopDay_TRAIN.tsv
UMD_TRAIN.tsv,Simulated,150,36,12.0,"{1: 12, 2: 12, 3: 12}",0.10848005992185555,0.03616001997395185,0.0,,"{1: 0.41977834083176147, 2: 0.27609927164246384, 3: 0.4232513689113216}",../datasets/UMD/UMD_TRAIN.tsv
CricketY_TRAIN.tsv,Motion,300,390,32.5,"{1: 28, 4: 30, 9: 31, 6: 32, 7: 32, 10: 32, 11: 32, 8: 33, 2: 34, 12: 34, 3: 36, 5: 36}",0.1916800346518325,0.01597333622098604,3.355512150128359,,"{1: 50.79819762070666, 2: 103.94845673360096, 3: 55.658591088277234, 4: 85.68966429304115, 5: 351.0025424056367, 6: 41.20019043721082, 7: 96.34577487293964, 8: 23.071361908411735, 9: 35.18700507198286, 10: 31.831703540798095, 11: 64.308959634136, 12: 79.19012132503929}",../datasets/CricketY/CricketY_TRAIN.tsv
GestureMidAirD3_TRAIN.tsv,Trajectory,360,208,8.0,"{1: 8, 2: 8, 3: 8, 4: 8, 5: 8, 6: 8, 7: 8, 8: 8, 9: 8, 10: 8, 11: 8, 12: 8, 13: 8, 14: 8, 15: 8, 16: 8, 17: 8, 18: 8, 19: 8, 20: 8, 21: 8, 22: 8, 23: 8, 24: 8, 25: 8, 26: 8}",0.29928145539064166,0.011510825207332374,0.0,,"{1: 41588.515797689135, 2: 17339.333142224867, 3: 5649.514190920148, 4: 10749.125079585598, 5: 12417.198186964104, 6: 5475.833842053194, 7: 6986.405813118627, 8: 6113.877282536854, 9: 8766.074685384789, 10: 4965.2333248785835, 11: 32932.758302080314, 12: 17088.39920379369, 13: 37977.57503574976, 14: 19676.823522603074, 15: 13241.985215616125, 16: 16540.545918936703, 17: 16574.51064172221, 18: 5838.500352773713, 19: 14477.464719610241, 20: 7851.597207164904, 21: 6265.473287253508, 22: 4199.756928163306, 23: 5169.0198317499735, 24: 8451.698690074794, 25: 9171.844088654288, 26: 9597.755653718765}",../datasets/Missing_value_and_variable_length_datasets_adjusted/GestureMidAirD3/GestureMidAirD3_TRAIN.tsv
GestureMidAirD2_TRAIN.tsv,Trajectory,360,208,8.0,"{1: 8, 2: 8, 3: 8, 4: 8, 5: 8, 6: 8, 7: 8, 8: 8, 9: 8, 10: 8, 11: 8, 12: 8, 13: 8, 14: 8, 15: 8, 16: 8, 17: 8, 18: 8, 19: 8, 20: 8, 21: 8, 22: 8, 23: 8, 24: 8, 25: 8, 26: 8}",0.09190698267776938,0.0035348839491449744,0.0,,"{1: 36014.27381145692, 2: 51216.979303768996, 3: 39711.79424244721, 4: 170154.487707228, 5: 120028.0065381222, 6: 35995.66525211057, 7: 23957.63357925114, 8: 147674.23043896162, 9: 81537.6852672942, 10: 46906.587830564866, 11: 145874.44884746737, 12: 188469.4390946156, 13: 170079.00341441785, 14: 150954.25332448768, 15: 196018.28886343876, 16: 170974.28031336918, 17: 126354.76261167489, 18: 72958.18312855826, 19: 47175.61708861911, 20: 39617.87771235815, 21: 30577.02456969334, 22: 60765.83736846555, 23: 151569.0870642846, 24: 119831.00118474223, 25: 154830.96625252615, 26: 120975.70314416548}",../datasets/Missing_value_and_variable_length_datasets_adjusted/GestureMidAirD2/GestureMidAirD2_TRAIN.tsv
AllGestureWiimoteY_TRAIN.tsv,Sensor,500,300,30.0,"{1: 30, 2: 30, 3: 30, 4: 30, 5: 30, 6: 30, 7: 30, 8: 30, 9: 30, 10: 30}",10.393511750330093,1.0393511750330091,0.0,,"{1: 0.7503921634050985, 2: 10.654476565461012, 3: 1.6033330172145144, 4: 2.526542513271428, 5: 1.4494100525693716, 6: 1.5314718199928252, 7: 0.8963398751448998, 8: 0.3349078413146304, 9: 1.373006350325938, 10: 0.7779733668393592}",../datasets/Missing_value_and_variable_length_datasets_adjusted/AllGestureWiimoteY/AllGestureWiimoteY_TRAIN.tsv
GesturePebbleZ2_TRAIN.tsv,Sensor,455,146,24.333333333333332,"{2: 23, 3: 24, 4: 24, 5: 24, 1: 25, 6: 26}",0.28164709634410856,0.046941182724018087,2.3333333333333335,,"{1: 4990.073033202994, 2: 8794.16796442212, 3: 6352.444453130777, 4: 4290.80768311827, 5: 7856.11817692589, 6: 9082.92858028701}",../datasets/Missing_value_and_variable_length_datasets_adjusted/GesturePebbleZ2/GesturePebbleZ2_TRAIN.tsv
AllGestureWiimoteX_TRAIN.tsv,Sensor,500,300,30.0,"{1: 30, 2: 30, 3: 30, 4: 30, 5: 30, 6: 30, 7: 30, 8: 30, 9: 30, 10: 30}",14.894807353576548,1.4894807353576547,0.0,,"{1: 0.956735210172847, 2: 17.408951807352285, 3: 6.1272699583178705, 4: 4.985362698645189, 5: 1.2345418867670233, 6: 3.290025865156062, 7: 1.0041061059200855, 8: 1.5992801807365604, 9: 0.6987578157608725, 10: 0.6880071320774312}",../datasets/Missing_value_and_variable_length_datasets_adjusted/AllGestureWiimoteX/AllGestureWiimoteX_TRAIN.tsv
DodgerLoopDay_TRAIN.tsv,Sensor,288,78,11.142857142857142,"{2: 10, 3: 10, 4: 11, 7: 11, 1: 12, 5: 12, 6: 12}",0.05046441414563548,0.00720920202080507,1.1428571428571428,,"{1: 31515.916666666668, 2: 39772.67261624405, 3: 44754.9, 4: 38494.912808114226, 5: 46481.031634194485, 6: 43663.73610844445, 7: 40383.05050616161}",../datasets/Missing_value_and_variable_length_datasets_adjusted/DodgerLoopDay/DodgerLoopDay_TRAIN.tsv
MelbournePedestrian_TRAIN.tsv,Traffic,24,1194,119.4,"{8: 115, 9: 119, 1: 120, 2: 120, 3: 120, 4: 120, 5: 120, 6: 120, 7: 120, 10: 120}",0.1427617088837998,0.01427617088837998,1.7000000000000002,,"{1: 4141629.7333333334, 2: 17060515.3625, 3: 2113191.990740798, 4: 28570568.775, 5: 950213.8333333334, 6: 2827836.933333333, 7: 763085.0166666667, 8: 1020940.6106280086, 9: 83722.08029833874, 10: 22553410.533333335}",../datasets/Missing_value_and_variable_length_datasets_adjusted/MelbournePedestrian/MelbournePedestrian_TRAIN.tsv
DodgerLoopWeekend_TRAIN.tsv,Sensor,288,20,10.0,"{1: 10, 2: 10}",0.052773510294473976,0.026386755147236988,,1.0,"{1: 42843.19297550342, 2: 35672.5}",../datasets/Missing_value_and_variable_length_datasets_adjusted/DodgerLoopWeekend/DodgerLoopWeekend_TRAIN.tsv
GestureMidAirD1_TRAIN.tsv,Trajectory,360,208,8.0,"{1: 8, 2: 8, 3: 8, 4: 8, 5: 8, 6: 8, 7: 8, 8: 8, 9: 8, 10: 8, 11: 8, 12: 8, 13: 8, 14: 8, 15: 8, 16: 8, 17: 8, 18: 8, 19: 8, 20: 8, 21: 8, 22: 8, 23: 8, 24: 8, 25: 8, 26: 8}",0.14316932557310388,0.005506512522042457,0.0,,"{1: 18887.263151237657, 2: 11486.080873589812, 3: 10373.999465323333, 4: 20021.9143100554, 5: 16636.201997371314, 6: 880.308349157843, 7: 1732.8728395124135, 8: 9175.104759808348, 9: 28654.006010681616, 10: 15961.599300780132, 11: 5109.637072978386, 12: 6518.276469277303, 13: 9543.10686353761, 14: 11706.38028952076, 15: 5592.553913236903, 16: 18399.62958492214, 17: 28173.681553502996, 18: 31077.692188891888, 19: 6982.753388227041, 20: 2152.0206675669824, 21: 1216.0618672847272, 22: 13508.314156626873, 23: 1568.3875952791432, 24: 11847.039559643657, 25: 14645.666770096894, 26: 72597.5359616816}",../datasets/Missing_value_and_variable_length_datasets_adjusted/GestureMidAirD1/GestureMidAirD1_TRAIN.tsv
ShakeGestureWiimoteZ_TRAIN.tsv,Sensor,385,50,5.0,"{1: 5, 2: 5, 3: 5, 4: 5, 5: 5, 6: 5, 7: 5, 8: 5, 9: 5, 10: 5}",0.29712933104011546,0.029712933104011553,0.0,,"{1: 3.6124993513789634, 2: 11.652583380615528, 3: 3.472603015664325, 4: 9.386841193109074, 5: 16.91628114646648, 6: 7.3093271833744975, 7: 5.459581689338384, 8: 5.754907112021542, 9: 3.0284498280961443, 10: 6.192290704162716}",../datasets/Missing_value_and_variable_length_datasets_adjusted/ShakeGestureWiimoteZ/ShakeGestureWiimoteZ_TRAIN.tsv
GesturePebbleZ1_TRAIN.tsv,Sensor,455,132,22.0,"{2: 20, 1: 21, 3: 22, 4: 22, 6: 22, 5: 25}",0.28637094661631984,0.047728491102719976,2.3333333333333335,,"{1: 4495.390744807474, 2: 9270.38084758025, 3: 5521.034168179589, 4: 4102.86569374747, 5: 5717.5102836990545, 6: 7453.244797166511}",../datasets/Missing_value_and_variable_length_datasets_adjusted/GesturePebbleZ1/GesturePebbleZ1_TRAIN.tsv
AllGestureWiimoteZ_TRAIN.tsv,Sensor,500,300,30.0,"{1: 30, 2: 30, 3: 30, 4: 30, 5: 30, 6: 30, 7: 30, 8: 30, 9: 30, 10: 30}",0.1827288969175751,0.018272889691757506,0.0,,"{1: 2.4272739133090724, 2: 7.616564559501677, 3: 3.2282018327330047, 4: 3.1513137345829554, 5: 4.722041664674941, 6: 7.3086697242029395, 7: 4.267783545176692, 8: 3.0916822832578115, 9: 2.7356658808343868, 10: 2.876339437623046}",../datasets/Missing_value_and_variable_length_datasets_adjusted/AllGestureWiimoteZ/AllGestureWiimoteZ_TRAIN.tsv
PickupGestureWiimoteZ_TRAIN.tsv,Sensor,361,50,5.0,"{1: 5, 2: 5, 3: 5, 4: 5, 5: 5, 6: 5, 7: 5, 8: 5, 9: 5, 10: 5}",0.16794000914814203,0.016794000914814203,0.0,,"{1: 3.215099260110276, 2: 4.625494176264091, 3: 1.3615524337981921, 4: 1.8622840127876141, 5: 2.1462617169643132, 6: 2.1850717342320287, 7: 3.0377558291161906, 8: 1.769953360280348, 9: 2.385471300259092, 10: 1.111864063450072}",../datasets/Missing_value_and_variable_length_datasets_adjusted/PickupGestureWiimoteZ/PickupGestureWiimoteZ_TRAIN.tsv
PLAID_TRAIN.tsv,Device,1344,537,48.81818181818182,"{10: 13, 5: 18, 3: 19, 9: 19, 0: 33, 2: 57, 6: 57, 8: 69, 4: 78, 7: 86, 1: 88}",7847.605807360439,713.4187097600399,6.136363636363637,,"{0: 63782.791198801744, 1: 94.61699807495515, 2: 185.79366290453265, 3: 5742.5211235437255, 4: 21708.626623908025, 5: 29.11043415613669, 6: 175.85327276068006, 7: 364.70659931951917, 8: 118374.24743802095, 9: 125457.8851227822, 10: 60143.596213896846}",../datasets/Missing_value_and_variable_length_datasets_adjusted/PLAID/PLAID_TRAIN.tsv
DodgerLoopGame_TRAIN.tsv,Sensor,288,20,10.0,"{1: 10, 2: 10}",0.04735173921958217,0.023675869609791084,,1.0,"{1: 38163.588886577774, 2: 43874.076705169704}",../datasets/Missing_value_and_variable_length_datasets_adjusted/DodgerLoopGame/DodgerLoopGame_TRAIN.tsv
WormsTwoClass_TRAIN.tsv,Motion,900,181,90.5,"{1: 76, 2: 105}",0.1505317879635586,0.0752658939817793,,0.7238095238095238,"{1: 15.768380594741451, 2: 11.68523685906096}",../datasets/WormsTwoClass/WormsTwoClass_TRAIN.tsv
SmoothSubspace_TRAIN.tsv,Simulated,15,150,50.0,"{1: 50, 2: 50, 3: 50}",0.19370804968216226,0.06456934989405408,0.0,,"{1: 4.483522759899121, 2: 4.202336582649502, 3: 4.986525293873681}",../datasets/SmoothSubspace/SmoothSubspace_TRAIN.tsv
OSULeaf_TRAIN.tsv,Image,427,200,33.333333333333336,"{6: 15, 2: 29, 3: 33, 1: 34, 5: 36, 4: 53}",0.1319278688040469,0.021987978134007814,2.3333333333333335,,"{1: 3.4679704511024325, 2: 0.2922601987893959, 3: 1.15794701829931, 4: 0.45196263160839123, 5: 0.8582346363325313, 6: 1.2027247521398194}",../datasets/OSULeaf/OSULeaf_TRAIN.tsv
Ham_TRAIN.tsv,Spectro,431,109,54.5,"{1: 52, 2: 57}",0.044137733698535714,0.022068866849267857,,0.9122807017543859,"{1: 4.645739420786182, 2: 4.991853215141759}",../datasets/Ham/Ham_TRAIN.tsv
CricketX_TRAIN.tsv,Motion,300,390,32.5,"{9: 25, 5: 27, 10: 28, 2: 31, 8: 31, 12: 32, 3: 34, 6: 34, 4: 35, 7: 36, 1: 38, 11: 39}",0.21130271389207217,0.017608559491006016,7.1242259987499885,,"{1: 67.3542442878218, 2: 67.11131131315823, 3: 45.08564610229851, 4: 328.51525272077237, 5: 755.2281417570741, 6: 74.80600889357798, 7: 112.44857661638686, 8: 35.15404017977331, 9: 67.76855111334153, 10: 24.096108482823944, 11: 46.420757088374046, 12: 64.02011471974204}",../datasets/CricketX/CricketX_TRAIN.tsv
SonyAIBORobotSurface1_TRAIN.tsv,Sensor,70,20,10.0,"{1: 6, 2: 14}",0.041342579973943916,0.020671289986971958,,0.42857142857142855,"{1: 32.78984831403041, 2: 12.316551032425215}",../datasets/SonyAIBORobotSurface1/SonyAIBORobotSurface1_TRAIN.tsv
ToeSegmentation1_TRAIN.tsv,Motion,277,40,20.0,"{0: 20, 1: 20}",0.16301257123396196,0.08150628561698098,,1.0,"{0: 8.447353866313223, 1: 11.401564372767622}",../datasets/ToeSegmentation1/ToeSegmentation1_TRAIN.tsv
ScreenType_TRAIN.tsv,Device,720,375,125.0,"{1: 125, 2: 125, 3: 125}",0.18456401684712365,0.061521338949041215,0.0,,"{1: 346.6305253057314, 2: 616.4003548489045, 3: 953.8496471143819}",../datasets/ScreenType/ScreenType_TRAIN.tsv
PigArtPressure_TRAIN.tsv,Hemodynamics,2000,104,2.0,"{1: 2, 2: 2, 3: 2, 4: 2, 5: 2, 6: 2, 7: 2, 8: 2, 9: 2, 10: 2, 11: 2, 12: 2, 13: 2, 14: 2, 15: 2, 16: 2, 17: 2, 18: 2, 19: 2, 20: 2, 21: 2, 22: 2, 23: 2, 24: 2, 25: 2, 26: 2, 27: 2, 28: 2, 29: 2, 30: 2, 31: 2, 32: 2, 33: 2, 34: 2, 35: 2, 36: 2, 37: 2, 38: 2, 39: 2, 40: 2, 41: 2, 42: 2, 43: 2, 44: 2, 45: 2, 46: 2, 47: 2, 48: 2, 49: 2, 50: 2, 51: 2, 52: 2}",0.14448884211468765,0.0027786315791286094,0.0,,"{1: 92.38016813926825, 2: 106.14142421819705, 3: 203.68963723525718, 4: 174.58328059234415, 5: 148.40905651201678, 6: 127.77440700792748, 7: 211.00896095666238, 8: 84.70731981189698, 9: 100.67652935804873, 10: 75.2124530819146, 11: 993.9023168870939, 12: 165.48788632402142, 13: 314.3820060995066, 14: 464.80137431934384, 15: 409.0877507426443, 16: 314.11097009224414, 17: 1817.197263103468, 18: 388.95643889710624, 19: 380.2179094160693, 20: 147.50328505019115, 21: 167.5404747954353, 22: 185.90102504560178, 23: 175.3333899013502, 24: 163.96646803936216, 25: 179.29594831238649, 26: 937.6422263244954, 27: 148.436229794104, 28: 186.15634706258612, 29: 159.54949635995126, 30: 129.035953526634, 31: 305.3967998181769, 32: 308.3346232186159, 33: 204.6958692249443, 34: 251.24997587006897, 35: 321.29927828877203, 36: 232.96094866791833, 37: 1762.7592539257294, 38: 183.35871793536853, 39: 123.40043628981073, 40: 115.7481101095206, 41: 130.2271046911429, 42: 1935.073245124947, 43: 278.72617762562135, 44: 310.95372095264304, 45: 257.83776596725784, 46: 266.3976617825211, 47: 263.60035097440857, 48: 294.8525850615433, 49: 306.4210868659918, 50: 127.32317866573925, 51: 4478.381215553174, 52: 184.457894531798}",../datasets/PigArtPressure/PigArtPressure_TRAIN.tsv
SmallKitchenAppliances_TRAIN.tsv,Device,720,375,125.0,"{1: 125, 2: 125, 3: 125}",99.52859004769074,33.17619668256358,0.0,,"{1: 2292.8500538914227, 2: 2105.1933015800146, 3: 2025.9451722402364}",../datasets/SmallKitchenAppliances/SmallKitchenAppliances_TRAIN.tsv
Crop_TRAIN.tsv,Image,46,7200,300.0,"{1: 300, 2: 300, 3: 300, 4: 300, 5: 300, 6: 300, 7: 300, 8: 300, 9: 300, 10: 300, 11: 300, 12: 300, 13: 300, 14: 300, 15: 300, 16: 300, 17: 300, 18: 300, 19: 300, 20: 300, 21: 300, 22: 300, 23: 300, 24: 300}",3.4118990911847082,0.14216246213269615,0.0,,"{1: 0.11150573685333333, 2: 0.20280049509000003, 3: 0.2550809487595133, 4: 0.31088127611766603, 5: 0.27366052581951333, 6: 0.22466738062, 7: 0.15917151587000003, 8: 0.14596711070666668, 9: 0.15342531168, 10: 0.14205629352333332, 11: 0.7392784726337226, 12: 0.17744869897666665, 13: 0.12113723605, 14: 0.23752548550699998, 15: 0.20254446580666663, 16: 0.11016962686333331, 17: 0.20406556967333334, 18: 0.7015690135666667, 19: 0.22413280593608997, 20: 0.23896752220599998, 21: 0.14149814205, 22: 0.14113543038853335, 23: 0.6464536674830479, 24: 1.5947578960780042}",../datasets/Crop/Crop_TRAIN.tsv
MoteStrain_TRAIN.tsv,Sensor,84,20,10.0,"{1: 10, 2: 10}",0.11692439786621407,0.058462198933107036,,1.0,"{1: 127.30475556122856, 2: 149.13512951465574}",../datasets/MoteStrain/MoteStrain_TRAIN.tsv
MelbournePedestrian_TRAIN.tsv,Traffic,24,1194,119.4,"{8: 115, 9: 119, 1: 120, 2: 120, 3: 120, 4: 120, 5: 120, 6: 120, 7: 120, 10: 120}",0.14249359929461305,0.014249359929461306,1.7000000000000002,,"{1: 4141629.7333333334, 2: nan, 3: nan, 4: 28570568.775, 5: nan, 6: nan, 7: nan, 8: nan, 9: nan, 10: 22553410.533333335}",../datasets/MelbournePedestrian/MelbournePedestrian_TRAIN.tsv
ECGFiveDays_TRAIN.tsv,ECG,136,23,11.5,"{2: 9, 1: 14}",0.430939046088161,0.21546952304408054,,0.6428571428571429,"{1: 37.88966219727534, 2: 37.384838427694596}",../datasets/ECGFiveDays/ECGFiveDays_TRAIN.tsv
Wine_TRAIN.tsv,Spectro,234,57,28.5,"{2: 27, 1: 30}",0.00041068737206027996,0.00020534368603013998,,0.9,"{1: 1.05556230713534, 2: 1.056229690373848}",../datasets/Wine/Wine_TRAIN.tsv
SemgHandMovementCh2_TRAIN.tsv,Spectrum,1500,450,75.0,"{1: 75, 2: 75, 3: 75, 4: 75, 5: 75, 6: 75}",0.32124093318339997,0.05354015553056666,0.0,,"{1: 992802.5728042632, 2: 2068110.0993363734, 3: 280201.4124367362, 4: 383100.00759452523, 5: 4805279.130265455, 6: 341058.6374140406}",../datasets/SemgHandMovementCh2/SemgHandMovementCh2_TRAIN.tsv
FreezerSmallTrain_TRAIN.tsv,Sensor,301,28,14.0,"{1: 14, 2: 14}",0.04199609181771252,0.02099804590885626,,1.0,"{1: 18.21754083598238, 2: 21.19654258463854}",../datasets/FreezerSmallTrain/FreezerSmallTrain_TRAIN.tsv
UWaveGestureLibraryZ_TRAIN.tsv,Motion,315,896,112.0,"{8: 100, 3: 106, 2: 108, 4: 110, 6: 111, 7: 112, 1: 122, 5: 127}",0.1420287573625889,0.017753594670323614,0.21650635094610965,,"{1: 0.11378883790233528, 2: 0.31976273299438585, 3: 0.31755415424311784, 4: 0.38857358034365963, 5: 0.009540790659469098, 6: 0.03559272326637892, 7: 0.16928058137299015, 8: 0.3399150705229509}",../datasets/UWaveGestureLibraryZ/UWaveGestureLibraryZ_TRAIN.tsv
NonInvasiveFetalECGThorax1_TRAIN.tsv,ECG,750,1800,42.857142857142854,"{23: 35, 1: 36, 7: 36, 11: 36, 26: 37, 33: 37, 37: 37, 12: 39, 16: 39, 41: 39, 4: 40, 15: 40, 19: 40, 22: 40, 28: 40, 30: 40, 36: 40, 24: 41, 25: 41, 32: 41, 38: 41, 14: 42, 21: 43, 31: 43, 39: 43, 6: 44, 3: 45, 18: 45, 35: 45, 40: 45, 42: 45, 9: 46, 13: 46, 27: 47, 29: 47, 5: 48, 20: 49, 8: 50, 2: 52, 17: 52, 34: 52, 10: 56}",0.052542888875585586,0.0012510211637044182,8.290111663022913,,"{1: 0.43480186464146675, 2: 0.33499525602810726, 3: 0.36046059822410437, 4: 0.4472269858079789, 5: 0.2280823321105725, 6: 0.25821967928175843, 7: 0.34677438268453353, 8: 0.36809013135936475, 9: 0.8107331013530816, 10: 0.24223517037801617, 11: 0.26049283258790384, 12: 1.1387404073424878, 13: 0.125747023456643, 14: 0.2227676789149735, 15: 0.31353024519170636, 16: 0.4515261529726611, 17: 0.4075401786083864, 18: 0.27803602605320993, 19: 0.24656977527533952, 20: 0.27808307377295816, 21: 0.3084039526663348, 22: 0.37125161163548015, 23: 0.5090773125559764, 24: 0.4121971981218995, 25: 0.3098687615719464, 26: 0.48535563770424095, 27: 0.39038061915503836, 28: 0.4440861990369987, 29: 0.16310247484305637, 30: 0.3874588466202913, 31: 0.21693202525675903, 32: 0.20836972817106725, 33: 0.7881648782679948, 34: 0.2775539607212445, 35: 0.17672704487714722, 36: 0.3462758664246033, 37: 0.28606433079715565, 38: 0.19905753212574293, 39: 0.4906254094253557, 40: 0.3920575636006569, 41: 0.36114401439944677, 42: 0.21768076209193082}",../datasets/NonInvasiveFetalECGThorax1/NonInvasiveFetalECGThorax1_TRAIN.tsv
TwoLeadECG_TRAIN.tsv,ECG,82,23,11.5,"{2: 11, 1: 12}",0.01962853354379993,0.009814266771899964,,0.9166666666666666,"{1: 2.0456990755428723, 2: 2.5146031490551346}",../datasets/TwoLeadECG/TwoLeadECG_TRAIN.tsv
Lightning7_TRAIN.tsv,Sensor,319,70,10.0,"{4: 5, 0: 8, 1: 8, 2: 8, 6: 10, 3: 12, 5: 19}",0.2139745407614757,0.030567791537353672,3.2857142857142856,,"{0: 140.7438313662887, 1: 205.55827382234452, 2: 196.53005606416025, 3: 1015.654201805553, 4: 322.34533781590534, 5: 117.1575848860524, 6: 146.6392035037892}",../datasets/Lightning7/Lightning7_TRAIN.tsv
Phoneme_TRAIN.tsv,Sensor,1024,214,5.487179487179487,"{5: 1, 8: 1, 10: 1, 26: 1, 32: 1, 33: 1, 37: 1, 39: 1, 16: 2, 19: 2, 24: 2, 34: 2, 36: 2, 38: 2, 4: 3, 6: 3, 15: 3, 25: 3, 30: 3, 35: 3, 1: 4, 13: 4, 14: 4, 2: 5, 7: 5, 27: 6, 11: 7, 12: 7, 22: 7, 9: 8, 18: 8, 20: 10, 17: 11, 28: 11, 29: 12, 21: 13, 23: 15, 31: 15, 3: 24}",0.19784237802553883,0.005072881487834327,8.308237882886724,,"{1: 496.19177308612166, 2: 422.2438369437609, 3: 108.70593230283094, 4: 142.7324195509013, 5: 635.9903589290625, 6: 1287.580940931258, 7: 43.71183462371349, 8: 3545.482151925594, 9: 264.881898065545, 10: 77.27112172127968, 11: 203.74079452165026, 12: 474.128775335076, 13: 229.81861983427044, 14: 3469.812396136699, 15: 237.1861440473109, 16: 1157.4905267269862, 17: 254.1466437903931, 18: 307.4896483722842, 19: 2660.584233299811, 20: 1789.1908095724714, 21: 146.35552666931454, 22: 149.57696932431875, 23: 52.10086151668353, 24: 29.100019149763078, 25: 456.6352858444245, 26: 229.152832334431, 27: 474.2245655424547, 28: 181.49008966604774, 29: 3863.384486657207, 30: 8152.563146047481, 31: 2601.0905603729598, 32: 488.9310115097327, 33: 233.22858361058593, 34: 17.7769984998052, 35: 205.45267779579444, 36: 435.61055750629407, 37: 63.651220400969834, 38: 1090.49748111549, 39: 1039.8448203456649}",../datasets/Phoneme/Phoneme_TRAIN.tsv
SemgHandSubjectCh2_TRAIN.tsv,Spectrum,1500,450,90.0,"{1: 90, 2: 90, 3: 90, 4: 90, 5: 90}",0.3177159342354548,0.06354318684709097,0.0,,"{1: 415498.22622826166, 2: 2502476.2100043, 3: 1209718.8186225905, 4: 1298555.543125428, 5: 2043787.837046416}",../datasets/SemgHandSubjectCh2/SemgHandSubjectCh2_TRAIN.tsv
DodgerLoopWeekend_TRAIN.tsv,Sensor,288,20,10.0,"{1: 10, 2: 10}",0.05620382118453342,0.02810191059226671,,1.0,"{1: nan, 2: 35672.5}",../datasets/DodgerLoopWeekend/DodgerLoopWeekend_TRAIN.tsv
MiddlePhalanxOutlineAgeGroup_TRAIN.tsv,Image,80,400,133.33333333333334,"{1: 55, 2: 108, 3: 237}",0.004939858086550015,0.0016466193621833384,0.0,,"{1: 0.7209640814981997, 2: 0.9103734216402486, 3: 1.1654983588827348}",../datasets/MiddlePhalanxOutlineAgeGroup/MiddlePhalanxOutlineAgeGroup_TRAIN.tsv
GestureMidAirD1_TRAIN.tsv,Trajectory,360,208,8.0,"{1: 8, 2: 8, 3: 8, 4: 8, 5: 8, 6: 8, 7: 8, 8: 8, 9: 8, 10: 8, 11: 8, 12: 8, 13: 8, 14: 8, 15: 8, 16: 8, 17: 8, 18: 8, 19: 8, 20: 8, 21: 8, 22: 8, 23: 8, 24: 8, 25: 8, 26: 8}",0.14699361668001534,0.005653600641539052,0.0,,"{1: nan, 2: nan, 3: nan, 4: nan, 5: nan, 6: nan, 7: nan, 8: nan, 9: nan, 10: nan, 11: nan, 12: nan, 13: nan, 14: nan, 15: nan, 16: nan, 17: nan, 18: nan, 19: nan, 20: nan, 21: nan, 22: nan, 23: nan, 24: nan, 25: nan, 26: nan}",../datasets/GestureMidAirD1/GestureMidAirD1_TRAIN.tsv
DistalPhalanxOutlineCorrect_TRAIN.tsv,Image,80,600,300.0,"{0: 222, 1: 378}",0.011147178257909531,0.005573589128954766,,0.5873015873015873,"{0: 2.085639974804541, 1: 1.709671582409663}",../datasets/DistalPhalanxOutlineCorrect/DistalPhalanxOutlineCorrect_TRAIN.tsv
DistalPhalanxTW_TRAIN.tsv,Image,80,400,66.66666666666667,"{7: 18, 4: 28, 3: 29, 6: 30, 5: 82, 8: 213}",0.01474121596715802,0.00245686932785967,3.1666666666666665,,"{3: 1.5799748370156306, 4: 2.6023504932306722, 5: 3.0162016328352754, 6: 2.931121875195896, 7: 2.9407220314867732, 8: 1.0500970839393562}",../datasets/DistalPhalanxTW/DistalPhalanxTW_TRAIN.tsv
FacesUCR_TRAIN.tsv,Image,131,200,14.285714285714286,"{11: 4, 14: 6, 10: 8, 3: 10, 12: 11, 2: 12, 9: 12, 1: 13, 6: 13, 7: 14, 5: 15, 4: 22, 8: 27, 13: 33}",0.16862079286435702,0.012044342347454074,9.105506992268,,"{1: 26.32724473240413, 2: 84.73597047017503, 3: 20.65610548387914, 4: 59.876780848466886, 5: 37.113189116080484, 6: 52.18191719442522, 7: 14.989016417681992, 8: 31.80376031252938, 9: 24.155453385225115, 10: 20.180201745770667, 11: 48.08233426955465, 12: 11.11819399059532, 13: 45.81497802845486, 14: 47.31740705155386}",../datasets/FacesUCR/FacesUCR_TRAIN.tsv
ECG5000_TRAIN.tsv,ECG,140,500,100.0,"{5: 2, 3: 10, 4: 19, 2: 177, 1: 292}",0.14129605362819156,0.028259210725638306,2.2,,"{1: 11.594948952600188, 2: 5.053033085254114, 3: 3.471908419706761, 4: 5.347674650927097, 5: 11.137538806081613}",../datasets/ECG5000/ECG5000_TRAIN.tsv
ShakeGestureWiimoteZ_TRAIN.tsv,Sensor,385,50,5.0,"{1: 5, 2: 5, 3: 5, 4: 5, 5: 5, 6: 5, 7: 5, 8: 5, 9: 5, 10: 5}",0.21984673887314743,0.021984673887314742,0.0,,"{1: nan, 2: nan, 3: nan, 4: nan, 5: nan, 6: nan, 7: nan, 8: nan, 9: nan, 10: nan}",../datasets/ShakeGestureWiimoteZ/ShakeGestureWiimoteZ_TRAIN.tsv
GesturePebbleZ1_TRAIN.tsv,Sensor,455,132,22.0,"{2: 20, 1: 21, 3: 22, 4: 22, 6: 22, 5: 25}",0.17118465432137933,0.028530775720229887,2.3333333333333335,,"{1: nan, 2: nan, 3: nan, 4: nan, 5: nan, 6: nan}",../datasets/GesturePebbleZ1/GesturePebbleZ1_TRAIN.tsv
HandOutlines_TRAIN.tsv,Image,2709,1000,500.0,"{0: 362, 1: 638}",0.008484154936309296,0.004242077468154648,,0.567398119122257,"{0: 0.027513076103670785, 1: 0.021746024652013668}",../datasets/HandOutlines/HandOutlines_TRAIN.tsv
GunPointMaleVersusFemale_TRAIN.tsv,Motion,150,135,67.5,"{2: 64, 1: 71}",0.189231415139726,0.094615707569863,,0.9014084507042254,"{1: 53052.39172432557, 2: 764.9316630376923}",../datasets/GunPointMaleVersusFemale/GunPointMaleVersusFemale_TRAIN.tsv
Coffee_TRAIN.tsv,Spectro,286,28,14.0,"{0: 14, 1: 14}",0.001298257199645983,0.0006491285998229915,,1.0,"{0: 0.924851638242658, 1: 1.033067332500078}",../datasets/Coffee/Coffee_TRAIN.tsv
Rock_TRAIN.tsv,Spectrum,2844,20,5.0,"{1: 5, 2: 5, 3: 5, 4: 5}",0.10601449395204912,0.02650362348801228,0.0,,"{1: 60.706791822000056, 2: 253.72146081199926, 3: 87.06648691199987, 4: 33.98214463799981}",../datasets/Rock/Rock_TRAIN.tsv
MixedShapesSmallTrain_TRAIN.tsv,Image,1024,100,20.0,"{1: 20, 2: 20, 3: 20, 4: 20, 5: 20}",0.10500332152025912,0.021000664304051828,0.0,,"{1: 0.3612911130403637, 2: 0.05735196171616157, 3: 0.06015915197268462, 4: 0.2572341083941922, 5: 0.32150328715414317}",../datasets/MixedShapesSmallTrain/MixedShapesSmallTrain_TRAIN.tsv
AllGestureWiimoteZ_TRAIN.tsv,Sensor,500,300,30.0,"{1: 30, 2: 30, 3: 30, 4: 30, 5: 30, 6: 30, 7: 30, 8: 30, 9: 30, 10: 30}",0.17214487327505035,0.01721448732750503,0.0,,"{1: nan, 2: nan, 3: nan, 4: nan, 5: nan, 6: nan, 7: nan, 8: nan, 9: nan, 10: nan}",../datasets/AllGestureWiimoteZ/AllGestureWiimoteZ_TRAIN.tsv
FordB_TRAIN.tsv,Sensor,500,3636,1818.0,"{1: 1776, -1: 1860}",0.15279899505197153,0.07639949752598577,,0.9548387096774194,"{-1: 13.67266282083028, 1: 6.8655717609825295}",../datasets/FordB/FordB_TRAIN.tsv
FiftyWords_TRAIN.tsv,Image,270,450,9.0,"{41: 1, 25: 2, 42: 2, 49: 2, 50: 2, 31: 3, 34: 3, 24: 4, 27: 4, 29: 4, 38: 4, 39: 4, 40: 4, 43: 4, 45: 4, 46: 4, 47: 4, 22: 5, 33: 5, 37: 5, 48: 5, 16: 6, 23: 6, 26: 6, 28: 6, 30: 6, 35: 6, 36: 6, 44: 6, 15: 7, 17: 7, 20: 7, 21: 7, 32: 7, 14: 8, 18: 8, 19: 9, 10: 10, 11: 10, 8: 11, 9: 11, 5: 13, 12: 13, 13: 14, 6: 15, 7: 16, 4: 20, 3: 33, 2: 49, 1: 52}",0.2849449065906719,0.005698898131813434,13.285356919363403,,"{1: 0.1033753724350748, 2: 0.008736320907220032, 3: 0.40800297204929065, 4: 0.03566652765055524, 5: 0.02475798327998269, 6: 0.43807496663353424, 7: 0.09889620858357887, 8: 0.051305536104905736, 9: 0.04019986755383788, 10: 0.2602174658079307, 11: 0.029227886095270682, 12: 0.057435617319250634, 13: 0.25437106596111897, 14: 0.42690864074087975, 15: 0.006011310694241888, 16: 0.23384001635736562, 17: 0.006778618468448746, 18: 0.7562708279780537, 19: 0.18304133525856076, 20: 0.006661017458595403, 21: 0.12312429840491228, 22: 0.28308119767625983, 23: 1.354018021303456, 24: 0.22428580269966997, 25: 0.5858604318839425, 26: 0.33609686250574194, 27: 5.968341172067625, 28: 1.4130506072270697, 29: 0.6523392811691077, 30: 0.27014156796152455, 31: 0.2876082035967598, 32: 21.6090611062046, 33: 0.07707560691185526, 34: 0.8723914588231603, 35: 0.014568502942756469, 36: 0.021018410990294775, 37: 0.11161917701855757, 38: 0.0920352195802123, 39: 0.5617298216905224, 40: 0.11842283039096793, 41: 0.11572896468276855, 42: 1.6426506707160853, 43: 0.143378474202001, 44: 0.19549298245259547, 45: 0.40485966464208994, 46: 0.20503116145958766, 47: 4.293073112727269, 48: 0.04949266150198274, 49: 0.2830433212702646, 50: 0.026309782921613536}",../datasets/FiftyWords/FiftyWords_TRAIN.tsv
InsectWingbeatSound_TRAIN.tsv,Sensor,256,220,20.0,"{1: 20, 2: 20, 3: 20, 4: 20, 5: 20, 6: 20, 7: 20, 8: 20, 9: 20, 10: 20, 11: 20}",0.34239634419158776,0.031126940381053438,0.0,,"{1: 1.701706342644093, 2: 2.412236354506809, 3: 2.426365820181488, 4: 1.0790249484103605, 5: 1.8357585007399357, 6: 1.6337600051155188, 7: 1.8774517638228676, 8: 1.4287290454257469, 9: 1.9377296629171465, 10: 2.3740392047697583, 11: 2.8031993133523225}",../datasets/InsectWingbeatSound/InsectWingbeatSound_TRAIN.tsv
MedicalImages_TRAIN.tsv,Image,99,381,38.1,"{8: 6, 6: 7, 5: 10, 2: 15, 4: 16, 7: 18, 3: 25, 1: 35, 9: 46, 10: 203}",0.14136579078695297,0.014136579078695297,3.363318042491699,,"{1: 5.724760124205332, 2: 8.452806859743848, 3: 3.970450885685972, 4: 3.21817941023751, 5: 27.200190207716872, 6: 2.137844712941718, 7: 78.86247383046441, 8: 2.346096086497004, 9: 11.345891969637856, 10: 2.6176820323302707}",../datasets/MedicalImages/MedicalImages_TRAIN.tsv
Symbols_TRAIN.tsv,Image,398,25,4.166666666666667,"{3: 3, 4: 3, 5: 3, 6: 3, 2: 5, 1: 8}",0.09304105114878879,0.015506841858131462,1.5,,"{1: 0.02826781214789615, 2: 0.049606964703254916, 3: 0.07630187483920721, 4: 0.12368886782142435, 5: 0.6426664420774423, 6: 0.6105569688681668}",../datasets/Symbols/Symbols_TRAIN.tsv
ArrowHead_TRAIN.tsv,Image,251,36,12.0,"{0: 12, 1: 12, 2: 12}",0.018097734796830207,0.006032578265610069,0.0,,"{0: 0.7581069717145589, 1: 0.32888756713630457, 2: 0.4773527719448347}",../datasets/ArrowHead/ArrowHead_TRAIN.tsv
ProximalPhalanxOutlineAgeGroup_TRAIN.tsv,Image,80,400,133.33333333333334,"{1: 72, 2: 139, 3: 189}",0.003765163748230126,0.0012550545827433753,0.0,,"{1: 0.5609717448646505, 2: 0.8479851183403871, 3: 0.7758195583930455}",../datasets/ProximalPhalanxOutlineAgeGroup/ProximalPhalanxOutlineAgeGroup_TRAIN.tsv
EOGHorizontalSignal_TRAIN.tsv,EOG,1250,362,30.166666666666668,"{1: 30, 2: 30, 3: 30, 4: 30, 5: 30, 8: 30, 9: 30, 10: 30, 11: 30, 12: 30, 6: 31, 7: 31}",0.1383574180806745,0.011529784840056212,0.6666666666666667,,"{1: 2229.218458235698, 2: 1362.8513386583463, 3: 1910.067478090505, 4: 1991.1485129042505, 5: 2562.940539390323, 6: 5176.076025366669, 7: 5177.093340113873, 8: 4151.668957623715, 9: 2725.0247591736165, 10: 3496.8313143872606, 11: 4279.225122444021, 12: 3771.8449812485005}",../datasets/EOGHorizontalSignal/EOGHorizontalSignal_TRAIN.tsv
TwoPatterns_TRAIN.tsv,Simulated,128,1000,250.0,"{2: 237, 4: 242, 3: 250, 1: 271}",0.10272561943931495,0.025681404859828737,0.0,,"{1: 106.82541729511621, 2: 107.61253528680736, 3: 107.52195723689239, 4: 110.49533293546955}",../datasets/TwoPatterns/TwoPatterns_TRAIN.tsv
ChlorineConcentration_TRAIN.tsv,Sensor,166,467,155.66666666666666,"{2: 91, 1: 114, 3: 262}",0.03948641752139541,0.01316213917379847,0.0,,"{1: 153.78954017319683, 2: 160.62098822696333, 3: 152.4923257119363}",../datasets/ChlorineConcentration/ChlorineConcentration_TRAIN.tsv
Plane_TRAIN.tsv,Sensor,144,105,15.0,"{3: 9, 5: 13, 2: 14, 1: 15, 4: 16, 6: 18, 7: 20}",0.048399481673789185,0.006914211667684169,1.5714285714285716,,"{1: 0.4919396337253785, 2: 1.7049818048576466, 3: 0.7899534972342601, 4: 1.8395354230968657, 5: 0.7760871899336076, 6: 0.7653129386768636, 7: 1.3013750914328248}",../datasets/Plane/Plane_TRAIN.tsv
ACSF1_TRAIN.tsv,Device,1460,100,10.0,"{0: 10, 1: 10, 2: 10, 3: 10, 4: 10, 5: 10, 6: 10, 7: 10, 8: 10, 9: 10}",0.034059491738323,0.0034059491738323002,0.0,,"{0: 11668.077478293264, 1: 8007.339313578564, 2: 9254.348524813653, 3: 9656.461257877643, 4: 7559.930190438574, 5: 10218.270169488205, 6: 11498.522930214007, 7: 10195.235426100091, 8: 8630.952669959914, 9: 11561.740396409245}",../datasets/ACSF1/ACSF1_TRAIN.tsv
PhalangesOutlinesCorrect_TRAIN.tsv,Image,80,1800,900.0,"{0: 628, 1: 1172}",0.006791744756760178,0.003395872378380089,,0.5358361774744027,"{0: 1.304823173954119, 1: 1.159475925742357}",../datasets/PhalangesOutlinesCorrect/PhalangesOutlinesCorrect_TRAIN.tsv
ShapeletSim_TRAIN.tsv,Simulated,500,20,10.0,"{0: 10, 1: 10}",0.13305042098443007,0.06652521049221503,,1.0,"{0: 2969.54466775199, 1: 2743.631080105391}",../datasets/ShapeletSim/ShapeletSim_TRAIN.tsv
DistalPhalanxOutlineAgeGroup_TRAIN.tsv,Image,80,400,133.33333333333334,"{1: 30, 2: 113, 3: 257}",0.00941822518274687,0.0031394083942489566,0.0,,"{1: 1.809891116249954, 2: 2.7440299998839204, 3: 1.3705564922817104}",../datasets/DistalPhalanxOutlineAgeGroup/DistalPhalanxOutlineAgeGroup_TRAIN.tsv
InsectEPGSmallTrain_TRAIN.tsv,EPG,601,17,5.666666666666667,"{3: 3, 1: 6, 2: 8}",0.19992514960993563,0.0666417165366452,0.0,,"{1: 0.02481960500000002, 2: 0.035535883624999945, 3: 0.025277312666666652}",../datasets/InsectEPGSmallTrain/InsectEPGSmallTrain_TRAIN.tsv
PickupGestureWiimoteZ_TRAIN.tsv,Sensor,361,50,5.0,"{1: 5, 2: 5, 3: 5, 4: 5, 5: 5, 6: 5, 7: 5, 8: 5, 9: 5, 10: 5}",0.13412116576621352,0.013412116576621353,0.0,,"{1: nan, 2: nan, 3: nan, 4: nan, 5: nan, 6: nan, 7: nan, 8: nan, 9: nan, 10: nan}",../datasets/PickupGestureWiimoteZ/PickupGestureWiimoteZ_TRAIN.tsv
EOGVerticalSignal_TRAIN.tsv,EOG,1250,362,30.166666666666668,"{1: 30, 2: 30, 3: 30, 4: 30, 5: 30, 8: 30, 9: 30, 10: 30, 11: 30, 12: 30, 6: 31, 7: 31}",0.4195838977542077,0.03496532481285064,0.6666666666666667,,"{1: 1562.0702716377796, 2: 3548.2849770715056, 3: 3648.180397766235, 4: 3618.0544544025006, 5: 3698.470612257122, 6: 2921.005594272213, 7: 4023.6169443581025, 8: 3176.3599077145577, 9: 4619.9411683988355, 10: 5212.299768124139, 11: 4834.866282163489, 12: 7554.199657197697}",../datasets/EOGVerticalSignal/EOGVerticalSignal_TRAIN.tsv
CricketZ_TRAIN.tsv,Motion,300,390,32.5,"{3: 25, 2: 27, 5: 29, 9: 31, 10: 31, 1: 32, 4: 32, 11: 33, 6: 36, 12: 36, 8: 37, 7: 41}",0.21360249583434185,0.017800207986195155,5.163663417676994,,"{1: 87.92598220799036, 2: 69.30409454288731, 3: 44.86923399428546, 4: 331.70003008526214, 5: 747.2477421346911, 6: 71.18492926923017, 7: 110.16929770624492, 8: 30.077894303693895, 9: 66.32845148024886, 10: 25.761230299522662, 11: 42.228809753635026, 12: 59.99922504169118}",../datasets/CricketZ/CricketZ_TRAIN.tsv
FaceFour_TRAIN.tsv,Image,350,24,6.0,"{3: 3, 4: 5, 1: 8, 2: 8}",0.11381993562902605,0.02845498390725651,1.25,,"{1: 79.27172203961837, 2: 87.47713566245545, 3: 95.43462770989271, 4: 73.44673651875986}",../datasets/FaceFour/FaceFour_TRAIN.tsv
RefrigerationDevices_TRAIN.tsv,Device,720,375,125.0,"{1: 125, 2: 125, 3: 125}",0.1769601806864458,0.058986726895481935,0.0,,"{1: 392.17638692835186, 2: 744.5712705511638, 3: 556.4717598121069}",../datasets/RefrigerationDevices/RefrigerationDevices_TRAIN.tsv
PLAID_TRAIN.tsv,Device,1344,537,48.81818181818182,"{10: 13, 5: 18, 3: 19, 9: 19, 0: 33, 2: 57, 6: 57, 8: 69, 4: 78, 7: 86, 1: 88}",1.0503335479869327,0.09548486799881208,6.136363636363637,,"{0: nan, 1: nan, 2: nan, 3: nan, 4: nan, 5: nan, 6: nan, 7: nan, 8: nan, 9: nan, 10: nan}",../datasets/PLAID/PLAID_TRAIN.tsv
MixedShapesRegularTrain_TRAIN.tsv,Image,1024,500,100.0,"{1: 100, 2: 100, 3: 100, 4: 100, 5: 100}",0.10787107565760144,0.02157421513152029,0.0,,"{1: 0.3198484933550621, 2: 0.05580084438736487, 3: 0.07152289111805438, 4: 0.27765675859667177, 5: 0.332594237575396}",../datasets/MixedShapesRegularTrain/MixedShapesRegularTrain_TRAIN.tsv
GunPoint_TRAIN.tsv,Motion,150,50,25.0,"{1: 24, 2: 26}",0.03970195699055274,0.01985097849527637,,0.9230769230769231,"{1: 0.04335673153486445, 2: 1.9446319909285104}",../datasets/GunPoint/GunPoint_TRAIN.tsv
DodgerLoopGame_TRAIN.tsv,Sensor,288,20,10.0,"{1: 10, 2: 10}",0.0476657942725442,0.0238328971362721,,1.0,"{1: nan, 2: nan}",../datasets/DodgerLoopGame/DodgerLoopGame_TRAIN.tsv
ECG200_TRAIN.tsv,ECG,96,100,50.0,"{-1: 31, 1: 69}",0.060565600160633955,0.030282800080316974,,0.4492753623188406,"{-1: 9.53617043556304, 1: 19.739040490982806}",../datasets/ECG200/ECG200_TRAIN.tsv
ToeSegmentation2_TRAIN.tsv,Motion,343,36,18.0,"{0: 18, 1: 18}",0.15799228350702776,0.07899614175351388,,1.0,"{0: 6.858437618872333, 1: 6.824195747260356}",../datasets/ToeSegmentation2/ToeSegmentation2_TRAIN.tsv
WordSynonyms_TRAIN.tsv,Image,270,267,10.68,"{25: 2, 13: 3, 7: 4, 15: 4, 19: 4, 21: 4, 3: 5, 5: 5, 17: 5, 18: 5, 1: 6, 9: 6, 11: 6, 23: 6, 20: 7, 24: 7, 12: 8, 22: 8, 14: 10, 10: 12, 16: 14, 6: 17, 8: 24, 4: 35, 2: 60}",0.18851511492496079,0.007540604596998433,8.266333124739175,,"{1: 0.4390735706094558, 2: 0.0522471615058124, 3: 4.443790354240728, 4: 0.2082843680144032, 5: 0.6767912742542346, 6: 0.38217298361409413, 7: 14.751772951923062, 8: 0.0779228615378696, 9: 0.470280768715347, 10: 0.17338794020173562, 11: 0.017492246025899636, 12: 0.05116356607081632, 13: 0.09409981794908547, 14: 0.3298932435570355, 15: 0.3346629943422639, 16: 0.08025474014404518, 17: 1.0607585482003437, 18: 0.11270278501375912, 19: 0.1283156113864011, 20: 0.22853773391553753, 21: 0.48708394762716095, 22: 0.15866425993474131, 23: 3.062029788867834, 24: 1.0572999180706557, 25: 0.3073457650785374}",../datasets/WordSynonyms/WordSynonyms_TRAIN.tsv
Fungi_TRAIN.tsv,HRM,201,18,1.0,"{1: 1, 2: 1, 3: 1, 4: 1, 5: 1, 6: 1, 7: 1, 8: 1, 9: 1, 10: 1, 11: 1, 12: 1, 13: 1, 14: 1, 15: 1, 16: 1, 17: 1, 18: 1}",0.42519775417234545,0.023622097454019202,0.0,,"{1: 21.948320200267318, 2: 21.47042566533845, 3: 22.88146981065172, 4: 180.70333034713767, 5: 166.44721640765133, 6: 72.35018414335508, 7: 58.52640893309673, 8: 82.23105360511889, 9: 54.098161653474435, 10: 46.815833048311134, 11: 49.83647598815167, 12: 63.61601188891302, 13: 206.63366097028154, 14: 136.09871593413612, 15: 238.08770580930988, 16: 104.62676509101124, 17: 233.67962455733777, 18: 29.813540656569696}",../datasets/Fungi/Fungi_TRAIN.tsv
BirdChicken_TRAIN.tsv,Image,512,20,10.0,"{1: 10, 2: 10}",0.09605960742026563,0.048029803710132817,,1.0,"{1: 0.47239682602562666, 2: 1.1956920131381616}",../datasets/BirdChicken/BirdChicken_TRAIN.tsv
SemgHandGenderCh2_TRAIN.tsv,Spectrum,1500,300,150.0,"{1: 150, 2: 150}",0.32314401244652896,0.16157200622326448,,1.0,"{1: 1306945.0643441447, 2: 1770110.057390077}",../datasets/SemgHandGenderCh2/SemgHandGenderCh2_TRAIN.tsv
OliveOil_TRAIN.tsv,Spectro,570,30,7.5,"{3: 4, 1: 5, 2: 8, 4: 13}",0.0004990472218108608,0.0001247618054527152,0.5,,"{1: 0.8942057121669917, 2: 0.8921651142704026, 3: 0.8853965554599867, 4: 0.9081343055823102}",../datasets/OliveOil/OliveOil_TRAIN.tsv
BME_TRAIN.tsv,Simulated,128,30,10.0,"{1: 10, 2: 10, 3: 10}",0.108101801952633,0.036033933984210995,0.0,,"{1: 0.3883909771750423, 2: 0.23775726360675575, 3: 0.4004693193800602}",../datasets/BME/BME_TRAIN.tsv
LargeKitchenAppliances_TRAIN.tsv,Device,720,375,125.0,"{1: 125, 2: 125, 3: 125}",33.65105756429751,11.217019188099167,0.0,,"{1: 416.8653505174255, 2: 420.423949791656, 3: 399.25982929263574}",../datasets/LargeKitchenAppliances/LargeKitchenAppliances_TRAIN.tsv
SonyAIBORobotSurface2_TRAIN.tsv,Sensor,65,27,13.5,"{1: 11, 2: 16}",0.10656058859550696,0.05328029429775348,,0.6875,"{1: 64.10643610364183, 2: 36.15893341500225}",../datasets/SonyAIBORobotSurface2/SonyAIBORobotSurface2_TRAIN.tsv
Lightning2_TRAIN.tsv,Sensor,637,60,30.0,"{-1: 20, 1: 40}",0.2475569634260216,0.1237784817130108,,0.5,"{-1: 266.7205118934304, 1: 427.16912096567387}",../datasets/Lightning2/Lightning2_TRAIN.tsv
EthanolLevel_TRAIN.tsv,Spectro,1751,504,126.0,"{1: 126, 2: 126, 3: 126, 4: 126}",0.0031460643090585475,0.0007865160772646369,0.0,,"{1: 0.04382027026617393, 2: 0.03980163448429146, 3: 0.03821145795121278, 4: 0.03457302155070695}",../datasets/EthanolLevel/EthanolLevel_TRAIN.tsv
UWaveGestureLibraryX_TRAIN.tsv,Motion,315,896,112.0,"{8: 100, 3: 106, 2: 108, 4: 110, 6: 111, 7: 112, 1: 122, 5: 127}",0.14389239133164491,0.017986548916455614,0.21650635094610965,,"{1: 0.11182919066062742, 2: 0.44256272083312986, 3: 0.01683650472762662, 4: 0.03376943754463798, 5: 0.28920526096887744, 6: 0.3593072247032484, 7: 0.1889173318822939, 8: 0.3117705740163391}",../datasets/UWaveGestureLibraryX/UWaveGestureLibraryX_TRAIN.tsv
FreezerRegularTrain_TRAIN.tsv,Sensor,301,150,75.0,"{1: 75, 2: 75}",0.04285857435629291,0.021429287178146454,,1.0,"{1: 19.185886310938663, 2: 22.20996789744334}",../datasets/FreezerRegularTrain/FreezerRegularTrain_TRAIN.tsv
Fish_TRAIN.tsv,Image,463,175,25.0,"{4: 21, 5: 22, 2: 25, 6: 25, 1: 26, 3: 28, 7: 28}",0.010661288661237238,0.0015230412373196055,2.2258769757263126,,"{1: 0.031073342006455097, 2: 0.03465980310213389, 3: 0.03764125592593679, 4: 0.04054993089839382, 5: 0.027738648644673302, 6: 0.026142527907262264, 7: 0.02551807190497343}",../datasets/Fish/Fish_TRAIN.tsv
ProximalPhalanxOutlineCorrect_TRAIN.tsv,Image,80,600,300.0,"{0: 194, 1: 406}",0.0031952998316814984,0.0015976499158407492,,0.47783251231527096,"{0: 0.7393900647028748, 1: 0.7626977140653788}",../datasets/ProximalPhalanxOutlineCorrect/ProximalPhalanxOutlineCorrect_TRAIN.tsv
NonInvasiveFetalECGThorax2_TRAIN.tsv,ECG,750,1800,42.857142857142854,"{23: 35, 1: 36, 7: 36, 11: 36, 26: 37, 33: 37, 37: 37, 12: 39, 16: 39, 41: 39, 4: 40, 15: 40, 19: 40, 22: 40, 28: 40, 30: 40, 36: 40, 24: 41, 25: 41, 32: 41, 38: 41, 14: 42, 21: 43, 31: 43, 39: 43, 6: 44, 3: 45, 18: 45, 35: 45, 40: 45, 42: 45, 9: 46, 13: 46, 27: 47, 29: 47, 5: 48, 20: 49, 8: 50, 2: 52, 17: 52, 34: 52, 10: 56}",0.05226667858999259,0.001244444728333157,8.290111663022913,,"{1: 0.6917071107243802, 2: 0.19552863077722732, 3: 0.4933018155332004, 4: 0.6264550730431516, 5: 0.15885827985922352, 6: 0.1447438482865677, 7: 0.22384326210978228, 8: 0.16217098793463014, 9: 0.2649495981449685, 10: 0.20024180457701504, 11: 0.24987086222203125, 12: 0.2987450318255017, 13: 0.09571940839565732, 14: 0.23672809893206934, 15: 0.18932308090168667, 16: 0.21341759564972912, 17: 0.5638854860392988, 18: 0.28491733626518156, 19: 0.2852112960583678, 20: 0.24051093345163987, 21: 0.3521441690108469, 22: 0.3526836015339631, 23: 0.3705665826195247, 24: 0.27297206556052234, 25: 0.27804828193048986, 26: 0.30930864629337773, 27: 0.542971409780806, 28: 0.25161816005307747, 29: 0.10660750138431523, 30: 0.5174787237005625, 31: 0.16402981235531372, 32: 0.20284692914046565, 33: 0.3410231452917588, 34: 0.15673942607851588, 35: 0.11985421014994849, 36: 0.9315771857220593, 37: 0.3612078516755741, 38: 0.21853105576303225, 39: 0.1900169218877835, 40: 0.17251097713317468, 41: 0.16472091052505944, 42: 0.17246375943780703}",../datasets/NonInvasiveFetalECGThorax2/NonInvasiveFetalECGThorax2_TRAIN.tsv
UWaveGestureLibraryY_TRAIN.tsv,Motion,315,896,112.0,"{8: 100, 3: 106, 2: 108, 4: 110, 6: 111, 7: 112, 1: 122, 5: 127}",0.14893608149884083,0.0186170101873551,0.21650635094610965,,"{1: 0.11053808613230315, 2: 0.5042584106304129, 3: 0.11586145293440217, 4: 0.1320582044074041, 5: 0.018859439455805004, 6: 0.05501332438447121, 7: 0.4481824862720242, 8: 0.4267150137067727}",../datasets/UWaveGestureLibraryY/UWaveGestureLibraryY_TRAIN.tsv
FaceAll_TRAIN.tsv,Image,131,560,40.0,"{1: 40, 2: 40, 3: 40, 4: 40, 5: 40, 6: 40, 7: 40, 8: 40, 9: 40, 10: 40, 11: 40, 12: 40, 13: 40, 14: 40}",0.15837198412030723,0.011312284580021943,0.0,,"{1: 23.935979130519176, 2: 59.131756493638306, 3: 25.484461383365794, 4: 77.00455694888487, 5: 44.20334793745015, 6: 53.40843539199561, 7: 24.726282305063933, 8: 36.75928068030584, 9: 24.838244494237408, 10: 18.345566423377317, 11: 21.66055948155797, 12: 10.901537050928727, 13: 40.44813127826317, 14: 56.135035647408166}",../datasets/FaceAll/FaceAll_TRAIN.tsv
StarLightCurves_TRAIN.tsv,Sensor,1024,1000,333.3333333333333,"{1: 152, 2: 275, 3: 573}",0.0652401489389586,0.021746716312986202,0.0,,"{1: 0.00010403717424856266, 2: 0.0018158401584096543, 3: 0.00032850605158389146}",../datasets/StarLightCurves/StarLightCurves_TRAIN.tsv
ElectricDevices_TRAIN.tsv,Device,96,8926,1275.142857142857,"{6: 509, 1: 727, 7: 728, 3: 851, 4: 1474, 2: 2231, 5: 2406}",0.2599244178965723,0.03713205969951032,4.142857142857143,,"{1: 304.5657703918825, 2: 319.27203706072197, 3: 540.1173546574092, 4: 291.5328415925121, 5: 176.71476102208078, 6: 353.7905737922518, 7: 366.3090659839107}",../datasets/ElectricDevices/ElectricDevices_TRAIN.tsv
Earthquakes_TRAIN.tsv,Sensor,512,322,161.0,"{1: 58, 0: 264}",0.1811659533944289,0.09058297669721443,,0.2196969696969697,"{0: 2884.1227061366385, 1: 2864.856185758365}",../datasets/Earthquakes/Earthquakes_TRAIN.tsv
PowerCons_TRAIN.tsv,Power,144,180,90.0,"{1: 90, 2: 90}",0.15694983525040457,0.07847491762520228,,1.0,"{1: 17.273048888888887, 2: 30.488866666666674}",../datasets/PowerCons/PowerCons_TRAIN.tsv
DiatomSizeReduction_TRAIN.tsv,Image,345,16,4.0,"{1: 1, 4: 4, 3: 5, 2: 6}",0.00312291427155756,0.00078072856788939,0.0,,"{1: 0.04697383482969966, 2: 0.08149143211744096, 3: 0.06948686761703608, 4: 0.06986093353783368}",../datasets/DiatomSizeReduction/DiatomSizeReduction_TRAIN.tsv
CinCECGTorso_TRAIN.tsv,Sensor,1639,40,10.0,"{1: 5, 4: 10, 3: 12, 2: 13}",0.6486525820158864,0.1621631455039716,0.5,,"{1: 7.282625796249692, 2: 0.6060168179750361, 3: 1.1005292760794472, 4: 0.6662534738905463}",../datasets/CinCECGTorso/CinCECGTorso_TRAIN.tsv
PigCVP_TRAIN.tsv,Hemodynamics,2000,104,2.0,"{1: 2, 2: 2, 3: 2, 4: 2, 5: 2, 6: 2, 7: 2, 8: 2, 9: 2, 10: 2, 11: 2, 12: 2, 13: 2, 14: 2, 15: 2, 16: 2, 17: 2, 18: 2, 19: 2, 20: 2, 21: 2, 22: 2, 23: 2, 24: 2, 25: 2, 26: 2, 27: 2, 28: 2, 29: 2, 30: 2, 31: 2, 32: 2, 33: 2, 34: 2, 35: 2, 36: 2, 37: 2, 38: 2, 39: 2, 40: 2, 41: 2, 42: 2, 43: 2, 44: 2, 45: 2, 46: 2, 47: 2, 48: 2, 49: 2, 50: 2, 51: 2, 52: 2}",0.20011746300112496,0.0038484127500216314,0.0,,"{1: 92.22722978418474, 2: 70.46721049418967, 3: 65.3701907829689, 4: 63.77462538494859, 5: 70.49481980424434, 6: 68.79352420264905, 7: 66.0768666573622, 8: 64.93365152285931, 9: 64.78924403560708, 10: 65.17702847775041, 11: 84.77017947389578, 12: 80.18859959716967, 13: 87.16492411518345, 14: 87.26989813107755, 15: 120.55593819192961, 16: 130.7778671905358, 17: 190.09802769958236, 18: 91.16577441358092, 19: 98.78595629991261, 20: 78.71695281344762, 21: 86.86534868811567, 22: 100.8505415418064, 23: 87.67260080827377, 24: 96.7169654018283, 25: 90.57972577844743, 26: 90.72861628058443, 27: 73.73674615603281, 28: 98.9032646546435, 29: 83.76608987233703, 30: 78.94593905679562, 31: 95.11196076461482, 32: 80.4326276264235, 33: 79.62271329921046, 34: 96.69204088878242, 35: 75.16635787816313, 36: 68.62872048480271, 37: 4753.527689787305, 38: 70.72142645799389, 39: 70.75802947213437, 40: 68.68105389247944, 41: 73.04598413823805, 42: 652.6970877590114, 43: 75.85451780425419, 44: 78.57601673323896, 45: 64.10309465344902, 46: 331.5471680393552, 47: 69.56876401893217, 48: 72.22222278638415, 49: 64.71393570358691, 50: 68.68003720566402, 51: 1471.4947813478807, 52: 66.87483831359773}",../datasets/PigCVP/PigCVP_TRAIN.tsv
ProximalPhalanxTW_TRAIN.tsv,Image,80,400,66.66666666666667,"{3: 16, 7: 17, 6: 20, 5: 58, 4: 109, 8: 180}",0.00929778089531741,0.0015496301492195685,3.1666666666666665,,"{3: 0.4790970225458173, 4: 0.6386945617632362, 5: 0.9458795237488821, 6: 1.2275128752195688, 7: 1.0903261563515212, 8: 0.7123188823963111}",../datasets/ProximalPhalanxTW/ProximalPhalanxTW_TRAIN.tsv
